text,index_name,grid,x,y,angle,size,easting,northing
TOWN HALL,Town Hall,C4,397.7,554.2,0,9.4,583083.9,4095167.2
DINING COMMONS,Dining Commons,C6,381.2,961.1,-11,9.4,583109.3,4094648.7
MARY PORTER SESNON GALLERY,Mary Porter Sesnon Gallery,C6,414.5,1030.9,0,10.4,583166.5,4094529.6
VISUAL ARTS RESEARCH CENTER,Visual Arts Research Center,C7,538.1,1106.6,0,10.4,583308.8,4094415.9
WEST FIELDHOUSE,West Field House,C7,505.4,1189.1,0,9.4,583279.2,4094324.6
DINING HALL,Dining Hall,C8,382.2,1218.2,0,8.3,583158.8,4094293.8
STUDENT COMMONS,Student Commons,C8,452.6,1216.3,0,8.3,583225.5,4094304.6
LEARNING CENTER,Learning Center,C9,532.4,1422.7,0,9.4,583329.2,4094034.5
GIFT SHOP,Gift Shop,D12,660.0,1994.8,0,10.4,583497.9,4093311.7
ENGINEERING 2,Engineering 2,D2,599.2,379.7,5,10.4,583369.1,4095392.5
BASKIN ENGINEERING,Baskin Engineering,D3,586.9,428.5,6,10.4,583353.9,4095322.3
BASKIN ENGINEERING AUDITORIUM,Baskin Engineering Auditorium,D3,621.4,474.3,0,8.3,583404.0,4095268.5
PHYSICAL SCIENCES,Physical Sciences Building,D3,671.5,503.2,0,10.4,583457.4,4095241.3
SINSHEIMER LABS,Sinsheimer Laboratories,D4,687.0,577.7,90,9.4,583490.3,4095146.8
THIMANN LABS,Thimann Laboratories,D4,663.6,627.3,0,10.4,583460.0,4095076.7
EXPERIMENTAL THEATER,Experimental Theater,D5,640.7,841.9,0,10.4,583469.0,4094756.9
KERR HALL,Kerr Hall,D5,666.1,728.2,14,10.4,583462.0,4094947.5
MEDIA THEATER,Media Theater,D5,688.3,862.9,0,10.4,583495.2,4094755.8
2ND STAGE,2nd Stage,D6,671.9,936.7,13,7.8,583486.3,4094673.7
MAINSTAGE,Mainstage,D6,631.3,923.6,13,10.4,583439.2,4094707.2
OFFICES,Offices,D6,660.5,959.7,13,8.3,583464.6,4094662.8
HORTICULTURE 1,Horticulture 1,E12,771.5,1881.1,0,10.4,583631.6,4093469.7
HEAT PLANT,Heat Plant,E2,750.4,376.7,-68,9.4,583559.8,4095402.5
BIOMEDICAL SCIENCES,Biomedical Sciences,E3,730.2,485.3,-71,9.4,583542.3,4095258.7
COMMUNICATIONS BUILDING,Communications Bldg,E3,712.6,441.0,0,7.8,583515.2,4095320.8
SCIENCE & ENGINEERING LIBRARY,Science & Engineering Library,E3,753.9,545.6,-51,9.4,583568.5,4095190.3
CENTER FOR ADAPTIVE OPTICS,Center for Adaptive Optics,E4,774.8,658.4,0,8.3,583597.0,4095085.5
NATURAL SCIENCES 2,Natural Sciences 2,E4,774.4,594.9,0,10.4,583598.3,4095123.7
NS 2 ANNEX,NS 2 Annex,E4,712.7,601.4,0,8.3,583540.9,4095113.8
THIMANN LECTURE HALL,Thimann Lecture Hall,E4,738.5,634.5,0,8.3,583521.7,4095067.5
DIGITAL ARTS RESEARCH CENTER,Digital Arts Research Center,E6,847.1,1011.6,0,10.4,583594.7,4094609.5
GAMELAN STUDIO,Gamelan Studio,E6,761.7,1027.5,0,9.4,583604.1,4094553.0
MUSIC BUILDING,Music Building,E6,847.3,1040.9,0,10.4,583647.4,4094527.7
RECITAL HALL,Recital Hall,E7,742.3,1075.2,62,10.4,583578.8,4094512.5
UNIVERSITY HOUSE,University House,E7,710.3,1126.3,0,10.4,583533.3,4094436.8
DINING COMMONS,Dining Commons,F2,967.4,383.8,32,8.3,583835.9,4095400.5
SOCIAL SCIENCES 1,Social Sciences 1,F2,984.2,262.7,0,10.4,583808.1,4095531.6
SOCIAL SCIENCES 2,Social Sciences 2,F2,895.9,324.4,-60,10.4,583732.7,4095474.5
UNIVERSITY CENTER,University Center,F3,987.1,451.9,0,8.3,583835.9,4095400.5
CLASSROOM UNIT,Classroom Unit,F4,967.7,659.2,0,10.4,583920.4,4095057.7
EARTH & MARINE SCIENCES,Earth & Marine Sciences,F4,883.9,605.3,0,10.4,583674.2,4095054.3
INTERDISCIPLINARY SCIENCES,Interdisciplinary Sciences,F4,877.7,571.5,0,10.4,583722.3,4095169.4
HAHN STUDENT SERVICES,Hahn Student Services,F5,1013.2,815.3,-9,9.4,583908.0,4094860.2
MCHENRY LIBRARY,McHenry Library,F5,886.8,841.5,0,10.4,583749.1,4094804.3
ACADEMIC RESOURCE CENTER,Academic Resource Center,F6,875.5,942.3,0,10.4,583688.7,4094653.0
PRESS BLDG,Press Bldg,F6,896.5,978.0,0,10.4,583741.1,4094636.0
FARM CENTER,Farm Center,G12,1124.1,1877.9,0,10.4,584060.3,4093502.2
FARM LIFE LAB,Farm Life Lab,G12,1150.6,1952.4,0,10.4,584108.7,4093437.8
COOKHOUSE,Cook House,G14,1130.1,2317.9,0,10.4,584086.0,4092943.0
BARN THEATER,Barn Theater,G15,1143.2,2428.1,0,10.4,584169.1,4092806.2
FIREHOUSE,Firehouse,G2,1084.6,304.5,0,10.4,583968.6,4095534.8
STUDENT HEALTH CENTER,Student Health Center,G3,1032.6,528.2,0,10.4,583887.6,4095243.4
BAYTREE BOOKSTORE,Baytree Bookstore/Building,G4,1083.8,617.2,0,9.4,583977.2,4095131.5
QUARRY AMPHITHEATER,Quarry Amphitheater,G4,1059.7,589.2,0,9.4,583946.7,4095165.1
REDWOOD BUILDING,Redwood Building,G4,1048.1,702.8,0,9.4,583995.7,4095019.6
STUDENT UNION,Student Union,G4,1040.0,684.2,0,9.4,584003.0,4095051.6
OPERS WELLNESS CENTER,Wellness Center,G7,1184.5,1070.9,0,9.4,584130.2,4094579.1
FARM GATEHOUSE,Farm Gatehouse,H12,1203.6,1952.3,0,10.4,584153.3,4093425.3
BLACKSMITH SHOP,Blacksmith Shop,H13,1219.9,2103.8,0,10.4,584228.9,4093175.4
G BARN,G Barn,H13,1304.1,2188.8,51,10.4,584312.6,4093120.5
HAY BARN,Hay Barn,H13,1208.4,2127.6,0,10.4,584169.6,4093180.7
POWDER HOUSE,Powder House,H13,1290.8,2076.3,0,10.4,584273.2,4093256.0
H BARN,H Barn,H14,1236.3,2264.8,0,10.4,584240.4,4093024.8
MAIN ENTRANCE KIOSK,Main Entrance Kiosk,H14,1218.5,2325.8,0,10.4,584188.0,4092924.8
POLICE DEPARTMENT,Police Department,H14,1329.8,2343.7,0,10.4,584332.5,4092930.2
GRANARY,Granary,H15,1332.2,2431.0,0,10.4,584352.0,4092792.1
CANTÚ CENTER,Cantú Center,H3,1260.8,422.2,0,9.4,584189.0,4095401.0
DINING COMMONS,Dining Commons,H3,1214.6,464.0,0,9.4,584137.8,4095304.6
KZSC RADIO STATION,KZSC Radio Station,H3,1199.3,412.1,0,9.4,584113.0,4095407.8
ALAN CHADWICK GARDEN,Alan Chadwick Garden,H4,1349.5,582.1,0,9.0,584303.0,4095203.9
HAHN ART FACILITY,Hahn Art Facility,H4,1294.0,645.0,0,10.4,584288.9,4095061.3
HUMANITIES & SOCIAL SCIENCES DEPT.,Humanities & Social Sciences,H4,1241.0,617.4,0,8.3,584189.0,4095150.5
DINING COMMONS,Dining Commons,H5,1299.1,749.5,0,7.3,584272.9,4094960.7
ELOISE PICKARD SMITH GALLERY,Eloise Pickard Smith Gallery,H5,1310.0,729.8,0,8.3,584211.9,4094996.0
EVENT CENTER,Event Center,H5,1346.3,737.7,0,8.3,584321.3,4094974.5
EAST FIELDHOUSE,East Field House,H6,1195.2,949.9,0,10.4,584133.9,4094699.9
OPERS OFFICES,OPERS Offices,H6,1218.5,911.5,0,8.3,584170.2,4094733.9
CARRIAGE HOUSE,Carriage House,I14,1373.4,2249.5,0,9.4,584371.8,4093080.4
WOMEN'S CENTER,Women's Center,I14,1395.6,2296.8,0,10.4,584418.2,4093012.6
STONE HOUSE,Stone House,I15,1354.5,2464.7,0,10.4,584349.1,4092774.0
